{"cameraMode":{"drawMode":0,"name":"Shaded","section":"Shading Mode"},"sceneLighting":true,"audioPlay":false,"sceneViewState":{"showFog":true,"showMaterialUpdate":false,"showSkybox":true,"showFlares":true,"showImageEffects":true,"showParticleSystems":true},"in2DMode":false,"pivot":{"x":-1.4405186176300049,"y":3.068918466567993,"z":0.67718505859375},"rotation":{"x":-0.013007676228880883,"y":0.9867880940437317,"z":-0.12380406260490418,"w":-0.10369481891393662},"size":12.971768379211426,"orthographic":false}